{
    "total_balance": 5000,
    "total_budget": 3790,
    "2025-05-07": {
        "food_price": 1000,
        "transportation_price": 100,
        "bill_price": 10,
        "other_price": 100,
        "total_expense": 1210,
        "sended": [],
        "receive": [],
        "deposit": [
            {
                "amount": 10000,
                "timestamp": "2025-05-07 21:21:53",
                "note": "Deposited 10000 PKR on 2025-05-07 21:21:53"
            }
        ],
        "withdraw": [
            {
                "amount": 5000,
                "timestamp": "2025-05-07 21:21:57",
                "note": "Withdrew 5000 PKR on 2025-05-07 21:21:57"
            }
        ]
    }
}